{"cameraMode":{"drawMode":0,"name":"Shaded","section":"Shading Mode"},"sceneLighting":false,"audioPlay":false,"sceneViewState":{"showFog":true,"showMaterialUpdate":false,"showSkybox":true,"showFlares":true,"showImageEffects":true,"showParticleSystems":true},"in2DMode":false,"pivot":{"x":0.910980761051178,"y":-3.6126365661621095,"z":-3.8768537044525148},"rotation":{"x":0.017366524785757066,"y":0.9805634021759033,"z":-0.1021573394536972,"w":0.16660650074481965},"size":8.36104679107666,"orthographic":false}